{"parent": "item/pistol/glock/default/idle", "display": {"firstperson_righthand": {"translation": [-0.75000005960464, 14.3120002746582, -2.23000001907349], "rotation": [0, -84.7500076293945, 1.50000011920929], "scale": [0.910000026226044, 0.910000026226044, 0.910000026226044]}, "thirdperson_righthand": {"translation": [0, -2, 0], "rotation": [0, -90.0000076293945, 0]}, "ground": {"translation": [0, -0.25, 0], "scale": [1.15000009536743, 1.15000009536743, 1.15000009536743]}, "head": {"translation": [0, -30.2500019073486, 0], "rotation": [-90.0000076293945, 0, 0], "scale": [1.40000009536743, 1.40000009536743, 1.40000009536743]}}}