{"parent": "item/rifle/ak/default/idle", "display": {"firstperson_righthand": {"translation": [-13.2604169845581, 12.5, -7], "rotation": [20.1721725463867, -34.5188751220703, 9.5651388168335]}, "thirdperson_righthand": {"translation": [0, -29.5, -5.25], "rotation": [116.650001525879, -90, 116.769996643066], "scale": [0.800000011920929, 0.800000011920929, 0.800000011920929]}, "ground": {"translation": [-2, -27.5, 0], "scale": [0.959999978542328, 0.959999978542328, 0.959999978542328]}, "head": {"translation": [0, -60.25, 0], "rotation": [-90, 0, 0], "scale": [1.39999997615814, 1.39999997615814, 1.39999997615814]}}}