{"parent": "item/rifle/ak/default/idle", "display": {"firstperson_righthand": {"translation": [-12.5773506164551, 9.61602538824081, -9.01887512207031], "rotation": [-21.1132488250732, -30.7660980224609, 0.498148918151855]}, "thirdperson_righthand": {"translation": [0, -29.5, -5.25], "rotation": [116.650001525879, -90, 116.769996643066], "scale": [0.800000011920929, 0.800000011920929, 0.800000011920929]}, "ground": {"translation": [-2, -27.5, 0], "scale": [0.959999978542328, 0.959999978542328, 0.959999978542328]}, "head": {"translation": [0, -60.25, 0], "rotation": [-90, 0, 0], "scale": [1.39999997615814, 1.39999997615814, 1.39999997615814]}}}