{"parent": "item/rifle/ak/default/idle", "display": {"firstperson_righthand": {"translation": [-8.96065711975098, 9.636474847793579, -8.8668041229248], "rotation": [-17.921314239502, -48.9303207397461, 2.24016427993774]}, "thirdperson_righthand": {"translation": [0, -29.5, -5.25], "rotation": [116.650001525879, -90, 116.769996643066], "scale": [0.800000011920929, 0.800000011920929, 0.800000011920929]}, "ground": {"translation": [-2, -27.5, 0], "scale": [0.959999978542328, 0.959999978542328, 0.959999978542328]}, "head": {"translation": [0, -60.25, 0], "rotation": [-90, 0, 0], "scale": [1.39999997615814, 1.39999997615814, 1.39999997615814]}}}