{"parent": "item/rifle/ak/default/idle", "display": {"firstperson_righthand": {"translation": [-12.2041244506836, 9.05618619918823, -9.32989692687988], "rotation": [-22.9793796539307, -33.5030899047852, 2.11546206474304]}, "thirdperson_righthand": {"translation": [0, -29.5, -5.25], "rotation": [116.650001525879, -90, 116.769996643066], "scale": [0.800000011920929, 0.800000011920929, 0.800000011920929]}, "ground": {"translation": [-2, -27.5, 0], "scale": [0.959999978542328, 0.959999978542328, 0.959999978542328]}, "head": {"translation": [0, -60.25, 0], "rotation": [-90, 0, 0], "scale": [1.39999997615814, 1.39999997615814, 1.39999997615814]}}}