{"parent": "item/rifle/ak/default/idle", "display": {"firstperson_righthand": {"translation": [-6.9546217918396, 10.221568584442139, -8.44887924194336], "rotation": [-13.9092435836792, -58.1246490478516, 1.7386554479599]}, "thirdperson_righthand": {"translation": [0, -29.5, -5.25], "rotation": [116.650001525879, -90, 116.769996643066], "scale": [0.800000011920929, 0.800000011920929, 0.800000011920929]}, "ground": {"translation": [-2, -27.5, 0], "scale": [0.959999978542328, 0.959999978542328, 0.959999978542328]}, "head": {"translation": [0, -60.25, 0], "rotation": [-90, 0, 0], "scale": [1.39999997615814, 1.39999997615814, 1.39999997615814]}}}