{"parent": "item/rifle/ak/default/idle", "display": {"firstperson_righthand": {"translation": [-5.88245391845703, 10.534284353256226, -8.22551155090332], "rotation": [-11.7649078369141, -63.0387535095215, 1.47061347961426]}, "thirdperson_righthand": {"translation": [0, -29.5, -5.25], "rotation": [116.650001525879, -90, 116.769996643066], "scale": [0.800000011920929, 0.800000011920929, 0.800000011920929]}, "ground": {"translation": [-2, -27.5, 0], "scale": [0.959999978542328, 0.959999978542328, 0.959999978542328]}, "head": {"translation": [0, -60.25, 0], "rotation": [-90, 0, 0], "scale": [1.39999997615814, 1.39999997615814, 1.39999997615814]}}}