{"parent": "item/rifle/ak/default/idle", "display": {"firstperson_righthand": {"translation": [-13.0606603622437, 10.34099018573761, -8.61611652374268], "rotation": [-18.6966991424561, -27.2218246459961, -1.59619379043579]}, "thirdperson_righthand": {"translation": [0, -29.5, -5.25], "rotation": [116.650001525879, -90, 116.769996643066], "scale": [0.800000011920929, 0.800000011920929, 0.800000011920929]}, "ground": {"translation": [-2, -27.5, 0], "scale": [0.959999978542328, 0.959999978542328, 0.959999978542328]}, "head": {"translation": [0, -60.25, 0], "rotation": [-90, 0, 0], "scale": [1.39999997615814, 1.39999997615814, 1.39999997615814]}}}