{"parent": "item/rifle/ak/default/idle", "display": {"firstperson_righthand": {"translation": [-2.44557213783264, 11.53670811653137, -7.50949430465698], "rotation": [-4.89114427566528, -78.791130065918, 0.61139303445816]}, "thirdperson_righthand": {"translation": [0, -29.5, -5.25], "rotation": [116.650001525879, -90, 116.769996643066], "scale": [0.800000011920929, 0.800000011920929, 0.800000011920929]}, "ground": {"translation": [-2, -27.5, 0], "scale": [0.959999978542328, 0.959999978542328, 0.959999978542328]}, "head": {"translation": [0, -60.25, 0], "rotation": [-90, 0, 0], "scale": [1.39999997615814, 1.39999997615814, 1.39999997615814]}}}