{"parent": "item/rifle/ak/default/idle", "display": {"firstperson_righthand": {"translation": [-13.7588224411011, 11.3882337808609, -8.03431415557861], "rotation": [-15.2058868408203, -22.1019668579102, -4.62156438827515]}, "thirdperson_righthand": {"translation": [0, -29.5, -5.25], "rotation": [116.650001525879, -90, 116.769996643066], "scale": [0.800000011920929, 0.800000011920929, 0.800000011920929]}, "ground": {"translation": [-2, -27.5, 0], "scale": [0.959999978542328, 0.959999978542328, 0.959999978542328]}, "head": {"translation": [0, -60.25, 0], "rotation": [-90, 0, 0], "scale": [1.39999997615814, 1.39999997615814, 1.39999997615814]}}}