{"parent": "item/rifle/ak/default/idle", "display": {"firstperson_righthand": {"translation": [-11.8802843093872, 12.5, -7], "rotation": [99.0023651123047, -15.7482233047485, 57.4213752746582]}, "thirdperson_righthand": {"translation": [0, -29.5, -5.25], "rotation": [116.650001525879, -90, 116.769996643066], "scale": [0.800000011920929, 0.800000011920929, 0.800000011920929]}, "ground": {"translation": [-2, -27.5, 0], "scale": [0.959999978542328, 0.959999978542328, 0.959999978542328]}, "head": {"translation": [0, -60.25, 0], "rotation": [-90, 0, 0], "scale": [1.39999997615814, 1.39999997615814, 1.39999997615814]}}}