{"parent": "item/rifle/ak/default/idle", "display": {"firstperson_righthand": {"translation": [-14.3018379211426, 12.202756404876709, -7.5818018913269], "rotation": [-12.4908123016357, -18.1198577880859, -6.9746298789978]}, "thirdperson_righthand": {"translation": [0, -29.5, -5.25], "rotation": [116.650001525879, -90, 116.769996643066], "scale": [0.800000011920929, 0.800000011920929, 0.800000011920929]}, "ground": {"translation": [-2, -27.5, 0], "scale": [0.959999978542328, 0.959999978542328, 0.959999978542328]}, "head": {"translation": [0, -60.25, 0], "rotation": [-90, 0, 0], "scale": [1.39999997615814, 1.39999997615814, 1.39999997615814]}}}