{"parent": "item/rifle/ak/default/idle", "display": {"firstperson_righthand": {"translation": [-9.8786792755127, 9.36871838569641, -9.05805778503418], "rotation": [-19.7573585510254, -44.7227172851563, 2.46966981887817]}, "thirdperson_righthand": {"translation": [0, -29.5, -5.25], "rotation": [116.650001525879, -90, 116.769996643066], "scale": [0.800000011920929, 0.800000011920929, 0.800000011920929]}, "ground": {"translation": [-2, -27.5, 0], "scale": [0.959999978542328, 0.959999978542328, 0.959999978542328]}, "head": {"translation": [0, -60.25, 0], "rotation": [-90, 0, 0], "scale": [1.39999997615814, 1.39999997615814, 1.39999997615814]}}}