{"parent": "item/rifle/ak/default/idle", "display": {"firstperson_righthand": {"translation": [-11.4627151489258, 8.90670824050903, -9.38806533813477], "rotation": [-22.9254302978516, -37.4625549316406, 2.86567878723145]}, "thirdperson_righthand": {"translation": [0, -29.5, -5.25], "rotation": [116.650001525879, -90, 116.769996643066], "scale": [0.800000011920929, 0.800000011920929, 0.800000011920929]}, "ground": {"translation": [-2, -27.5, 0], "scale": [0.959999978542328, 0.959999978542328, 0.959999978542328]}, "head": {"translation": [0, -60.25, 0], "rotation": [-90, 0, 0], "scale": [1.39999997615814, 1.39999997615814, 1.39999997615814]}}}