{"parent": "item/rifle/ak/default/idle", "display": {"firstperson_righthand": {"translation": [0, 12.51999998092651, -6.27999973297119], "rotation": [1.80000019073486, -90, 0]}, "thirdperson_righthand": {"translation": [0, -99.5, -5.25], "rotation": [116.650001525879, -90, 116.769996643066], "scale": [0.800000011920929, 0.800000011920929, 0.800000011920929]}, "ground": {"translation": [-2, -97.5, 0], "scale": [0.959999978542328, 0.959999978542328, 0.959999978542328]}, "head": {"translation": [0, -130.25, 0], "rotation": [-90, 0, 0], "scale": [1.39999997615814, 1.39999997615814, 1.39999997615814]}}}