{"parent": "item/rifle/ak/default/idle", "display": {"firstperson_righthand": {"translation": [-14.8854160308838, 12.3125, -7.01388883590698], "rotation": [112.125, -19.6527786254883, 37.7916679382324]}, "thirdperson_righthand": {"translation": [0, -129.5, -5.25], "rotation": [116.650001525879, -90, 116.769996643066], "scale": [0.800000011920929, 0.800000011920929, 0.800000011920929]}, "ground": {"translation": [-2, -127.5, 0], "scale": [0.959999978542328, 0.959999978542328, 0.959999978542328]}, "head": {"translation": [0, -160.25, 0], "rotation": [-90, 0, 0], "scale": [1.39999997615814, 1.39999997615814, 1.39999997615814]}}}