{"parent": "item/rifle/ak/default/idle", "display": {"firstperson_righthand": {"translation": [-4.94999980926514, 17.424999713897712, -7.90000009536743], "rotation": [-18.8999996185303, -68.4000015258789, -54]}, "thirdperson_righthand": {"translation": [0, -129.5, -5.25], "rotation": [116.650001525879, -90, 116.769996643066], "scale": [0.800000011920929, 0.800000011920929, 0.800000011920929]}, "ground": {"translation": [-2, -127.5, 0], "scale": [0.959999978542328, 0.959999978542328, 0.959999978542328]}, "head": {"translation": [0, -160.25, 0], "rotation": [-90, 0, 0], "scale": [1.39999997615814, 1.39999997615814, 1.39999997615814]}}}