{"parent": "item/rifle/ak/default/idle", "display": {"firstperson_righthand": {"translation": [-9.77562999725342, 15.0996561050415, -7.63325691223145], "rotation": [28.5103073120117, -48.7630767822266, -16.0933570861816]}, "thirdperson_righthand": {"translation": [0, -129.5, -5.25], "rotation": [116.650001525879, -90, 116.769996643066], "scale": [0.800000011920929, 0.800000011920929, 0.800000011920929]}, "ground": {"translation": [-2, -127.5, 0], "scale": [0.959999978542328, 0.959999978542328, 0.959999978542328]}, "head": {"translation": [0, -160.25, 0], "rotation": [-90, 0, 0], "scale": [1.39999997615814, 1.39999997615814, 1.39999997615814]}}}