{"parent": "item/rifle/ak/default/idle", "display": {"firstperson_righthand": {"translation": [-8.01961803436279, 16.057481288909912, -7.846107006073], "rotation": [-0.22443771362305, -58.7670249938965, -34.6113052368164]}, "thirdperson_righthand": {"translation": [0, -129.5, -5.25], "rotation": [116.650001525879, -90, 116.769996643066], "scale": [0.800000011920929, 0.800000011920929, 0.800000011920929]}, "ground": {"translation": [-2, -127.5, 0], "scale": [0.959999978542328, 0.959999978542328, 0.959999978542328]}, "head": {"translation": [0, -160.25, 0], "rotation": [-90, 0, 0], "scale": [1.39999997615814, 1.39999997615814, 1.39999997615814]}}}