{"parent": "item/rifle/ak/default/idle", "display": {"firstperson_righthand": {"translation": [-12.8999996185303, 9.47499990463257, -7], "rotation": [81.5717620849609, -32.653995513916, 35.8709602355957]}, "thirdperson_righthand": {"translation": [0, -89.5, -5.25], "rotation": [116.650001525879, -90, 116.769996643066], "scale": [0.800000011920929, 0.800000011920929, 0.800000011920929]}, "ground": {"translation": [-2, -87.5, 0], "scale": [0.959999978542328, 0.959999978542328, 0.959999978542328]}, "head": {"translation": [0, -120.25, 0], "rotation": [-90, 0, 0], "scale": [1.39999997615814, 1.39999997615814, 1.39999997615814]}}}