{"parent": "item/rifle/ak/default/idle", "display": {"firstperson_righthand": {"translation": [-12.2000007629395, 8.55000019073486, -7], "rotation": [64.7320938110352, -39.7443809509277, 34.2460784912109]}, "thirdperson_righthand": {"translation": [0, -89.5, -5.25], "rotation": [116.650001525879, -90, 116.769996643066], "scale": [0.800000011920929, 0.800000011920929, 0.800000011920929]}, "ground": {"translation": [-2, -87.5, 0], "scale": [0.959999978542328, 0.959999978542328, 0.959999978542328]}, "head": {"translation": [0, -120.25, 0], "rotation": [-90, 0, 0], "scale": [1.39999997615814, 1.39999997615814, 1.39999997615814]}}}