{"parent": "item/rifle/ak/default/idle", "display": {"firstperson_righthand": {"translation": [-9.39999961853027, 4.84999990463257, -7], "rotation": [12.4576978683472, -61.7546539306641, 29.2020587921143]}, "thirdperson_righthand": {"translation": [0, -89.5, -5.25], "rotation": [116.650001525879, -90, 116.769996643066], "scale": [0.800000011920929, 0.800000011920929, 0.800000011920929]}, "ground": {"translation": [-2, -87.5, 0], "scale": [0.959999978542328, 0.959999978542328, 0.959999978542328]}, "head": {"translation": [0, -120.25, 0], "rotation": [-90, 0, 0], "scale": [1.39999997615814, 1.39999997615814, 1.39999997615814]}}}