{"parent": "item/rifle/ak/default/idle", "display": {"firstperson_righthand": {"translation": [-8.69999980926514, 3.9250001907348597, -7], "rotation": [4.40446138381958, -65.1454925537109, 28.424991607666]}, "thirdperson_righthand": {"translation": [0, -89.5, -5.25], "rotation": [116.650001525879, -90, 116.769996643066], "scale": [0.800000011920929, 0.800000011920929, 0.800000011920929]}, "ground": {"translation": [-2, -87.5, 0], "scale": [0.959999978542328, 0.959999978542328, 0.959999978542328]}, "head": {"translation": [0, -120.25, 0], "rotation": [-90, 0, 0], "scale": [1.39999997615814, 1.39999997615814, 1.39999997615814]}}}