{"parent": "item/rifle/ak/default/idle", "display": {"firstperson_righthand": {"translation": [-10.8000001907349, 6.700000047683719, -7], "rotation": [35.2356910705566, -52.1639175415039, 31.3999347686768]}, "thirdperson_righthand": {"translation": [0, -89.5, -5.25], "rotation": [116.650001525879, -90, 116.769996643066], "scale": [0.800000011920929, 0.800000011920929, 0.800000011920929]}, "ground": {"translation": [-2, -87.5, 0], "scale": [0.959999978542328, 0.959999978542328, 0.959999978542328]}, "head": {"translation": [0, -120.25, 0], "rotation": [-90, 0, 0], "scale": [1.39999997615814, 1.39999997615814, 1.39999997615814]}}}