{"parent": "item/rifle/ak/default/idle", "display": {"firstperson_righthand": {"translation": [-13.6000003814697, 10.400000095367432, -7], "rotation": [92.3811721801758, -28.1026630401611, 36.9139747619629]}, "thirdperson_righthand": {"translation": [0, -89.5, -5.25], "rotation": [116.650001525879, -90, 116.769996643066], "scale": [0.800000011920929, 0.800000011920929, 0.800000011920929]}, "ground": {"translation": [-2, -87.5, 0], "scale": [0.959999978542328, 0.959999978542328, 0.959999978542328]}, "head": {"translation": [0, -120.25, 0], "rotation": [-90, 0, 0], "scale": [1.39999997615814, 1.39999997615814, 1.39999997615814]}}}