{"parent": "item/pistol/glock/default/idle", "display": {"firstperson_righthand": {"translation": [-2.01100015640259, 6.73699975013733, -2], "rotation": [-14.0080003738403, -90.0000076293945, 0], "scale": [0.910000026226044, 0.910000026226044, 0.910000026226044]}, "thirdperson_righthand": {"translation": [0, -2, 0], "rotation": [0, -90.0000076293945, 0]}, "ground": {"translation": [0, -0.25, 0], "scale": [1.15000009536743, 1.15000009536743, 1.15000009536743]}, "head": {"translation": [0, -30.2500019073486, 0], "rotation": [-90.0000076293945, 0, 0], "scale": [1.40000009536743, 1.40000009536743, 1.40000009536743]}}}