{"parent":"item/knife/m9/default/idle","display":{"firstperson_righthand":{"translation":[-3.94400024414063,3.42000007629395,0],"rotation":[40.8600006103516,-26.7120018005371,81.7600021362305]},"thirdperson_righthand":{"translation":[-1.50000011920929,4.5,2],"rotation":[81.5000076293945,-65,67.5]}}}