{"parent":"item/knife/m9/default/idle","display":{"firstperson_righthand":{"translation":[-3.00000023841858,3.15500020980835,0],"rotation":[40.8600006103516,-44.3600006103516,81.7600021362305]},"thirdperson_righthand":{"translation":[-1.50000011920929,4.5,2],"rotation":[81.5000076293945,-65,67.5]}}}