{"parent": "item/knife/m9/default/idle", "display": {"firstperson_righthand": {"translation": [-3.00000023841858, 13.0550000667572, 0], "rotation": [40.8600006103516, -39.0380020141602, 81.7600021362305]}, "thirdperson_righthand": {"translation": [-1.50000011920929, 4.5, 2], "rotation": [81.5000076293945, -65, 67.5]}}}