{"parent": "item/knife/m9/default/idle", "display": {"firstperson_righthand": {"translation": [-4.77800035476685, 13.79000020027161, 0], "rotation": [40.8600006103516, -19.7090015411377, 81.7600021362305]}, "thirdperson_righthand": {"translation": [-1.50000011920929, 4.5, 2], "rotation": [81.5000076293945, -65, 67.5]}}}