{"parent":"item/knife/m9/default/idle","display":{"firstperson_righthand":{"translation":[-6.11100006103516,4.38300037384033,0],"rotation":[40.8600006103516,-4.02200031280518,81.7600021362305]},"thirdperson_righthand":{"translation":[-1.50000011920929,4.5,2],"rotation":[81.5000076293945,-65,67.5]}}}