{"parent": "item/rifle/ak/default/idle", "display": {"firstperson_righthand": {"translation": [-10.8812999725342, 13.80935001373291, -7.50487995147705], "rotation": [78.2585983276367, -49.7219009399414, 27.8617992401123]}, "thirdperson_righthand": {"translation": [0, -79.5, -5.25], "rotation": [116.650001525879, -90, 116.769996643066], "scale": [0.800000011920929, 0.800000011920929, 0.800000011920929]}, "ground": {"translation": [-2, -77.5, 0], "scale": [0.959999978542328, 0.959999978542328, 0.959999978542328]}, "head": {"translation": [0, -110.25, 0], "rotation": [-90, 0, 0], "scale": [1.39999997615814, 1.39999997615814, 1.39999997615814]}}}