{"parent": "item/rifle/ak/default/idle", "display": {"firstperson_righthand": {"translation": [-0.62999999523163, 12.565000057220459, -7.26999998092651], "rotation": [3.60000038146973, -88.9199981689453, 1.25999999046326]}, "thirdperson_righthand": {"translation": [0, -79.5, -5.25], "rotation": [116.650001525879, -90, 116.769996643066], "scale": [0.800000011920929, 0.800000011920929, 0.800000011920929]}, "ground": {"translation": [-2, -77.5, 0], "scale": [0.959999978542328, 0.959999978542328, 0.959999978542328]}, "head": {"translation": [0, -110.25, 0], "rotation": [-90, 0, 0], "scale": [1.39999997615814, 1.39999997615814, 1.39999997615814]}}}