{"parent": "item/rifle/ak/default/idle", "display": {"firstperson_righthand": {"translation": [-1.41750001907349, 12.95875000953674, -7.60750007629395], "rotation": [8.10000038146973, -87.5699996948242, 2.83500003814697]}, "thirdperson_righthand": {"translation": [0, -79.5, -5.25], "rotation": [116.650001525879, -90, 116.769996643066], "scale": [0.800000011920929, 0.800000011920929, 0.800000011920929]}, "ground": {"translation": [-2, -77.5, 0], "scale": [0.959999978542328, 0.959999978542328, 0.959999978542328]}, "head": {"translation": [0, -110.25, 0], "rotation": [-90, 0, 0], "scale": [1.39999997615814, 1.39999997615814, 1.39999997615814]}}}