{"parent": "item/rifle/ak/default/idle", "display": {"firstperson_righthand": {"translation": [-5.64683246612549, 15.07341623306274, -9.42007064819336], "rotation": [32.2676124572754, -80.3197174072266, 11.293664932251]}, "thirdperson_righthand": {"translation": [0, -79.5, -5.25], "rotation": [116.650001525879, -90, 116.769996643066], "scale": [0.800000011920929, 0.800000011920929, 0.800000011920929]}, "ground": {"translation": [-2, -77.5, 0], "scale": [0.959999978542328, 0.959999978542328, 0.959999978542328]}, "head": {"translation": [0, -110.25, 0], "rotation": [-90, 0, 0], "scale": [1.39999997615814, 1.39999997615814, 1.39999997615814]}}}