{"parent": "item/rifle/ak/default/idle", "display": {"firstperson_righthand": {"translation": [-12.5505590438843, 12.97472047805786, -6.43178415298462], "rotation": [94.7126846313477, -37.560188293457, 33.8234329223633]}, "thirdperson_righthand": {"translation": [0, -79.5, -5.25], "rotation": [116.650001525879, -90, 116.769996643066], "scale": [0.800000011920929, 0.800000011920929, 0.800000011920929]}, "ground": {"translation": [-2, -77.5, 0], "scale": [0.959999978542328, 0.959999978542328, 0.959999978542328]}, "head": {"translation": [0, -110.25, 0], "rotation": [-90, 0, 0], "scale": [1.39999997615814, 1.39999997615814, 1.39999997615814]}}}