{"parent": "item/rifle/ak/default/idle", "display": {"firstperson_righthand": {"translation": [-4.4036078453064, 14.451804161071781, -8.88726043701172], "rotation": [25.1634731292725, -82.4509582519531, 8.80721569061279]}, "thirdperson_righthand": {"translation": [0, -79.5, -5.25], "rotation": [116.650001525879, -90, 116.769996643066], "scale": [0.800000011920929, 0.800000011920929, 0.800000011920929]}, "ground": {"translation": [-2, -77.5, 0], "scale": [0.959999978542328, 0.959999978542328, 0.959999978542328]}, "head": {"translation": [0, -110.25, 0], "rotation": [-90, 0, 0], "scale": [1.39999997615814, 1.39999997615814, 1.39999997615814]}}}