{"parent": "item/rifle/ak/default/idle", "display": {"firstperson_righthand": {"translation": [-10.1459312438965, 14.17703437805176, -7.97761678695679], "rotation": [71.0099487304688, -55.0795974731445, 25.2354793548584]}, "thirdperson_righthand": {"translation": [0, -79.5, -5.25], "rotation": [116.650001525879, -90, 116.769996643066], "scale": [0.800000011920929, 0.800000011920929, 0.800000011920929]}, "ground": {"translation": [-2, -77.5, 0], "scale": [0.959999978542328, 0.959999978542328, 0.959999978542328]}, "head": {"translation": [0, -110.25, 0], "rotation": [-90, 0, 0], "scale": [1.39999997615814, 1.39999997615814, 1.39999997615814]}}}