{"parent": "item/rifle/ak/default/idle", "display": {"firstperson_righthand": {"translation": [-8.13308525085449, 15.18345737457275, -9.27158832550049], "rotation": [51.1689987182617, -69.7446517944336, 18.0467357635498]}, "thirdperson_righthand": {"translation": [0, -79.5, -5.25], "rotation": [116.650001525879, -90, 116.769996643066], "scale": [0.800000011920929, 0.800000011920929, 0.800000011920929]}, "ground": {"translation": [-2, -77.5, 0], "scale": [0.959999978542328, 0.959999978542328, 0.959999978542328]}, "head": {"translation": [0, -110.25, 0], "rotation": [-90, 0, 0], "scale": [1.39999997615814, 1.39999997615814, 1.39999997615814]}}}