{"parent": "item/rifle/ak/default/idle", "display": {"firstperson_righthand": {"translation": [-9.19186592102051, 14.65406703948975, -8.59094429016113], "rotation": [61.6055755615234, -62.0306587219238, 21.8281021118164]}, "thirdperson_righthand": {"translation": [0, -79.5, -5.25], "rotation": [116.650001525879, -90, 116.769996643066], "scale": [0.800000011920929, 0.800000011920929, 0.800000011920929]}, "ground": {"translation": [-2, -77.5, 0], "scale": [0.959999978542328, 0.959999978542328, 0.959999978542328]}, "head": {"translation": [0, -110.25, 0], "rotation": [-90, 0, 0], "scale": [1.39999997615814, 1.39999997615814, 1.39999997615814]}}}