{"parent": "item/pistol/glock/default/idle", "display": {"firstperson_righthand": {"translation": [-2.71153855323792, 19.65384674072266, -1.15384614467621], "rotation": [-36, -151.230773925781, -104.384613037109], "scale": [0.910000026226044, 0.910000026226044, 0.910000026226044]}, "thirdperson_righthand": {"translation": [0, -52, 0], "rotation": [0, -90, 0]}, "ground": {"translation": [0, -50.25, 0], "scale": [1.14999997615814, 1.14999997615814, 1.14999997615814]}, "head": {"translation": [0, -80.25, 0], "rotation": [-90, 0, 0], "scale": [1.39999997615814, 1.39999997615814, 1.39999997615814]}}}