{"parent": "item/pistol/glock/default/idle", "display": {"firstperson_righthand": {"translation": [-3.98076915740967, 17.576923370361328, -2.07692313194275], "rotation": [-18, -92.6153869628906, -64.6923065185547], "scale": [0.910000026226044, 0.910000026226044, 0.910000026226044]}, "thirdperson_righthand": {"translation": [0, -52, 0], "rotation": [0, -90, 0]}, "ground": {"translation": [0, -50.25, 0], "scale": [1.14999997615814, 1.14999997615814, 1.14999997615814]}, "head": {"translation": [0, -80.25, 0], "rotation": [-90, 0, 0], "scale": [1.39999997615814, 1.39999997615814, 1.39999997615814]}}}