{"parent": "item/pistol/glock/default/idle", "display": {"firstperson_righthand": {"translation": [-3.13461542129517, 18.96153831481934, -1.46153843402863], "rotation": [-30, -131.692306518555, -91.1538467407227], "scale": [0.910000026226044, 0.910000026226044, 0.910000026226044]}, "thirdperson_righthand": {"translation": [0, -52, 0], "rotation": [0, -90, 0]}, "ground": {"translation": [0, -50.25, 0], "scale": [1.14999997615814, 1.14999997615814, 1.14999997615814]}, "head": {"translation": [0, -80.25, 0], "rotation": [-90, 0, 0], "scale": [1.39999997615814, 1.39999997615814, 1.39999997615814]}}}