{"parent": "item/pistol/glock/default/idle", "display": {"firstperson_righthand": {"translation": [-0.47499999403954, 11.90000009536743, -0.75], "rotation": [0, -84.8000030517578, -2.29999995231628], "scale": [0.910000026226044, 0.910000026226044, 0.910000026226044]}, "thirdperson_righthand": {"translation": [0, -52, 0], "rotation": [0, -90, 0]}, "ground": {"translation": [0, -50.25, 0], "scale": [1.14999997615814, 1.14999997615814, 1.14999997615814]}, "head": {"translation": [0, -80.25, 0], "rotation": [-90, 0, 0], "scale": [1.39999997615814, 1.39999997615814, 1.39999997615814]}}}