{"parent": "item/pistol/glock/default/idle", "display": {"firstperson_righthand": {"translation": [-3.76923084259033, 17.92307710647583, -1.92307686805725], "rotation": [-21.0000019073486, -102.384620666504, -71.3076934814453], "scale": [0.910000026226044, 0.910000026226044, 0.910000026226044]}, "thirdperson_righthand": {"translation": [0, -52, 0], "rotation": [0, -90, 0]}, "ground": {"translation": [0, -50.25, 0], "scale": [1.14999997615814, 1.14999997615814, 1.14999997615814]}, "head": {"translation": [0, -80.25, 0], "rotation": [-90, 0, 0], "scale": [1.39999997615814, 1.39999997615814, 1.39999997615814]}}}