{"parent": "item/pistol/glock/default/idle", "display": {"firstperson_righthand": {"translation": [-4.192307472229, 17.230769157409668, -2.23076915740967], "rotation": [-15, -82.8461532592773, -58.0769233703613], "scale": [0.910000026226044, 0.910000026226044, 0.910000026226044]}, "thirdperson_righthand": {"translation": [0, -52, 0], "rotation": [0, -90, 0]}, "ground": {"translation": [0, -50.25, 0], "scale": [1.14999997615814, 1.14999997615814, 1.14999997615814]}, "head": {"translation": [0, -80.25, 0], "rotation": [-90, 0, 0], "scale": [1.39999997615814, 1.39999997615814, 1.39999997615814]}}}