{"parent": "item/pistol/glock/default/idle", "display": {"firstperson_righthand": {"translation": [-0.48611110448837, 14.652777671813961, -0.5], "rotation": [-13.2222232818604, -109.833335876465, -45.8888931274414], "scale": [0.910000026226044, 0.910000026226044, 0.910000026226044]}, "thirdperson_righthand": {"translation": [0, -52, 0], "rotation": [0, -90, 0]}, "ground": {"translation": [0, -50.25, 0], "scale": [1.14999997615814, 1.14999997615814, 1.14999997615814]}, "head": {"translation": [0, -80.25, 0], "rotation": [-90, 0, 0], "scale": [1.39999997615814, 1.39999997615814, 1.39999997615814]}}}