{"parent": "item/pistol/glock/default/idle", "display": {"firstperson_righthand": {"translation": [-0.97222220897675, 18.05555534362793, -0.5], "rotation": [-26.4444446563721, -129.66667175293, -91.7777786254883], "scale": [0.910000026226044, 0.910000026226044, 0.910000026226044]}, "thirdperson_righthand": {"translation": [0, -52, 0], "rotation": [0, -90, 0]}, "ground": {"translation": [0, -50.25, 0], "scale": [1.14999997615814, 1.14999997615814, 1.14999997615814]}, "head": {"translation": [0, -80.25, 0], "rotation": [-90, 0, 0], "scale": [1.39999997615814, 1.39999997615814, 1.39999997615814]}}}