{"parent": "item/pistol/glock/default/idle", "display": {"firstperson_righthand": {"translation": [-2.92307686805725, 19.307692527771, -1.30769228935242], "rotation": [-33, -141.461547851563, -97.7692337036133], "scale": [0.910000026226044, 0.910000026226044, 0.910000026226044]}, "thirdperson_righthand": {"translation": [0, -52, 0], "rotation": [0, -90, 0]}, "ground": {"translation": [0, -50.25, 0], "scale": [1.14999997615814, 1.14999997615814, 1.14999997615814]}, "head": {"translation": [0, -80.25, 0], "rotation": [-90, 0, 0], "scale": [1.39999997615814, 1.39999997615814, 1.39999997615814]}}}