{"parent": "item/pistol/glock/default/idle", "display": {"firstperson_righthand": {"translation": [-0.83333331346512, 17.08333301544189, -0.5], "rotation": [-22.6666660308838, -124, -78.6666641235352], "scale": [0.910000026226044, 0.910000026226044, 0.910000026226044]}, "thirdperson_righthand": {"translation": [0, -52, 0], "rotation": [0, -90, 0]}, "ground": {"translation": [0, -50.25, 0], "scale": [1.14999997615814, 1.14999997615814, 1.14999997615814]}, "head": {"translation": [0, -80.25, 0], "rotation": [-90, 0, 0], "scale": [1.39999997615814, 1.39999997615814, 1.39999997615814]}}}