{"parent": "item/pistol/glock/default/idle", "display": {"firstperson_righthand": {"translation": [-1.18055558204651, 19.51388931274414, -0.5], "rotation": [-32.1111106872559, -138.16667175293, -111.444442749023], "scale": [0.910000026226044, 0.910000026226044, 0.910000026226044]}, "thirdperson_righthand": {"translation": [0, -52, 0], "rotation": [0, -90, 0]}, "ground": {"translation": [0, -50.25, 0], "scale": [1.14999997615814, 1.14999997615814, 1.14999997615814]}, "head": {"translation": [0, -80.25, 0], "rotation": [-90, 0, 0], "scale": [1.39999997615814, 1.39999997615814, 1.39999997615814]}}}