{"parent": "item/pistol/glock/default/idle", "display": {"firstperson_righthand": {"translation": [-3.55769228935242, 18.269230842590332, -1.76923072338104], "rotation": [-24, -112.153846740723, -77.9230804443359], "scale": [0.910000026226044, 0.910000026226044, 0.910000026226044]}, "thirdperson_righthand": {"translation": [0, -52, 0], "rotation": [0, -90, 0]}, "ground": {"translation": [0, -50.25, 0], "scale": [1.14999997615814, 1.14999997615814, 1.14999997615814]}, "head": {"translation": [0, -80.25, 0], "rotation": [-90, 0, 0], "scale": [1.39999997615814, 1.39999997615814, 1.39999997615814]}}}