{"parent": "item/pistol/glock/default/idle", "display": {"firstperson_righthand": {"translation": [-0.90277779102325, 17.56944465637207, -0.5], "rotation": [-24.5555553436279, -126.833335876465, -85.2222213745117], "scale": [0.910000026226044, 0.910000026226044, 0.910000026226044]}, "thirdperson_righthand": {"translation": [0, -52, 0], "rotation": [0, -90, 0]}, "ground": {"translation": [0, -50.25, 0], "scale": [1.14999997615814, 1.14999997615814, 1.14999997615814]}, "head": {"translation": [0, -80.25, 0], "rotation": [-90, 0, 0], "scale": [1.39999997615814, 1.39999997615814, 1.39999997615814]}}}