{"parent": "item/pistol/glock/default/idle", "display": {"firstperson_righthand": {"translation": [-0.34722220897675, 13.68055582046509, -0.5], "rotation": [-9.44444465637207, -104.16667175293, -32.7777786254883], "scale": [0.910000026226044, 0.910000026226044, 0.910000026226044]}, "thirdperson_righthand": {"translation": [0, -52, 0], "rotation": [0, -90, 0]}, "ground": {"translation": [0, -50.25, 0], "scale": [1.14999997615814, 1.14999997615814, 1.14999997615814]}, "head": {"translation": [0, -80.25, 0], "rotation": [-90, 0, 0], "scale": [1.39999997615814, 1.39999997615814, 1.39999997615814]}}}