{"parent": "item/pistol/glock/default/idle", "display": {"firstperson_righthand": {"translation": [-3.3461537361145, 18.615385055541992, -1.61538457870483], "rotation": [-27, -121.923080444336, -84.5384674072266], "scale": [0.910000026226044, 0.910000026226044, 0.910000026226044]}, "thirdperson_righthand": {"translation": [0, -52, 0], "rotation": [0, -90, 0]}, "ground": {"translation": [0, -50.25, 0], "scale": [1.14999997615814, 1.14999997615814, 1.14999997615814]}, "head": {"translation": [0, -80.25, 0], "rotation": [-90, 0, 0], "scale": [1.39999997615814, 1.39999997615814, 1.39999997615814]}}}