{"parent": "item/pistol/glock/default/idle", "display": {"firstperson_righthand": {"translation": [-1.89999997615814, 13.850000143051151, -1.5], "rotation": [0, -69.1999969482422, -9.19999980926514], "scale": [0.910000026226044, 0.910000026226044, 0.910000026226044]}, "thirdperson_righthand": {"translation": [0, -52, 0], "rotation": [0, -90, 0]}, "ground": {"translation": [0, -50.25, 0], "scale": [1.14999997615814, 1.14999997615814, 1.14999997615814]}, "head": {"translation": [0, -80.25, 0], "rotation": [-90, 0, 0], "scale": [1.39999997615814, 1.39999997615814, 1.39999997615814]}}}